[{"model": "admin.logentry", "pk": 1, "fields": {"action_time": "2023-09-19T16:42:34.775Z", "user": 1, "content_type": 7, "object_id": "1", "object_repr": "На пластиковые окна", "action_flag": 1, "change_message": "[{\"added\": {}}]"}}, {"model": "admin.logentry", "pk": 2, "fields": {"action_time": "2023-09-19T16:42:39.598Z", "user": 1, "content_type": 7, "object_id": "2", "object_repr": "Руллонные Link", "action_flag": 1, "change_message": "[{\"added\": {}}]"}}, {"model": "admin.logentry", "pk": 3, "fields": {"action_time": "2023-09-19T16:42:43.613Z", "user": 1, "content_type": 7, "object_id": "3", "object_repr": "Вертикальные", "action_flag": 1, "change_message": "[{\"added\": {}}]"}}, {"model": "admin.logentry", "pk": 4, "fields": {"action_time": "2023-09-19T16:42:46.677Z", "user": 1, "content_type": 7, "object_id": "4", "object_repr": "День-Ночь", "action_flag": 1, "change_message": "[{\"added\": {}}]"}}, {"model": "admin.logentry", "pk": 5, "fields": {"action_time": "2023-09-19T16:42:50.721Z", "user": 1, "content_type": 7, "object_id": "5", "object_repr": "Плиссе", "action_flag": 1, "change_message": "[{\"added\": {}}]"}}, {"model": "admin.logentry", "pk": 6, "fields": {"action_time": "2023-09-19T16:42:55.724Z", "user": 1, "content_type": 7, "object_id": "6", "object_repr": "Шторы", "action_flag": 1, "change_message": "[{\"added\": {}}]"}}, {"model": "admin.logentry", "pk": 7, "fields": {"action_time": "2023-09-19T16:43:50.408Z", "user": 1, "content_type": 7, "object_id": "2", "object_repr": "Руллонные", "action_flag": 2, "change_message": "[{\"changed\": {\"fields\": [\"\\u041d\\u0430\\u0437\\u0432\\u0430\\u043d\\u0438\\u0435 \\u043a\\u0430\\u0442\\u0435\\u0433\\u043e\\u0440\\u0438\\u0438\", \"\\u0421\\u0441\\u044b\\u043b\\u043a\\u0430 \\u043a\\u0430\\u0442\\u0435\\u0433\\u043e\\u0440\\u0438\\u0438\"]}}]"}}, {"model": "admin.logentry", "pk": 8, "fields": {"action_time": "2023-09-19T16:44:39.846Z", "user": 1, "content_type": 14, "object_id": "1", "object_repr": "Тюлевые жалюзи", "action_flag": 1, "change_message": "[{\"added\": {}}]"}}, {"model": "admin.logentry", "pk": 9, "fields": {"action_time": "2023-09-19T16:44:48.310Z", "user": 1, "content_type": 14, "object_id": "2", "object_repr": "Тканевые", "action_flag": 1, "change_message": "[{\"added\": {}}]"}}, {"model": "admin.logentry", "pk": 10, "fields": {"action_time": "2023-09-19T16:44:54.229Z", "user": 1, "content_type": 14, "object_id": "3", "object_repr": "Бамбуковые", "action_flag": 1, "change_message": "[{\"added\": {}}]"}}, {"model": "admin.logentry", "pk": 11, "fields": {"action_time": "2023-09-19T16:45:01.135Z", "user": 1, "content_type": 14, "object_id": "4", "object_repr": "Пластиковые", "action_flag": 1, "change_message": "[{\"added\": {}}]"}}, {"model": "admin.logentry", "pk": 12, "fields": {"action_time": "2023-09-19T16:45:09.166Z", "user": 1, "content_type": 14, "object_id": "5", "object_repr": "Рулонные день и ночь", "action_flag": 1, "change_message": "[{\"added\": {}}]"}}, {"model": "admin.logentry", "pk": 13, "fields": {"action_time": "2023-09-19T16:45:15.087Z", "user": 1, "content_type": 14, "object_id": "6", "object_repr": "Рулонные ролло", "action_flag": 1, "change_message": "[{\"added\": {}}]"}}, {"model": "admin.logentry", "pk": 14, "fields": {"action_time": "2023-09-19T16:45:20.373Z", "user": 1, "content_type": 14, "object_id": "7", "object_repr": "Рулонные с фотопечатью", "action_flag": 1, "change_message": "[{\"added\": {}}]"}}, {"model": "admin.logentry", "pk": 15, "fields": {"action_time": "2023-09-19T16:46:45.356Z", "user": 1, "content_type": 14, "object_id": "8", "object_repr": "Рулонные с фотонанесением", "action_flag": 1, "change_message": "[{\"added\": {}}]"}}, {"model": "admin.logentry", "pk": 16, "fields": {"action_time": "2023-09-19T16:50:02.036Z", "user": 1, "content_type": 14, "object_id": "9", "object_repr": "Касетные Ролло", "action_flag": 1, "change_message": "[{\"added\": {}}]"}}, {"model": "admin.logentry", "pk": 17, "fields": {"action_time": "2023-09-19T16:50:07.563Z", "user": 1, "content_type": 14, "object_id": "10", "object_repr": "Касетные день и ночь", "action_flag": 1, "change_message": "[{\"added\": {}}]"}}, {"model": "admin.logentry", "pk": 18, "fields": {"action_time": "2023-09-19T16:50:12.273Z", "user": 1, "content_type": 14, "object_id": "11", "object_repr": "Плиссе", "action_flag": 1, "change_message": "[{\"added\": {}}]"}}, {"model": "admin.logentry", "pk": 19, "fields": {"action_time": "2023-09-19T16:50:17.154Z", "user": 1, "content_type": 14, "object_id": "12", "object_repr": "Мини", "action_flag": 1, "change_message": "[{\"added\": {}}]"}}, {"model": "admin.logentry", "pk": 20, "fields": {"action_time": "2023-09-19T17:41:00.456Z", "user": 1, "content_type": 10, "object_id": "1", "object_repr": "Лучшие шторы на рынке Узбекистана", "action_flag": 1, "change_message": "[{\"added\": {}}]"}}, {"model": "admin.logentry", "pk": 21, "fields": {"action_time": "2023-09-19T17:41:23.066Z", "user": 1, "content_type": 10, "object_id": "2", "object_repr": "Лучшие шторы на рынке Узбекистана 2", "action_flag": 1, "change_message": "[{\"added\": {}}]"}}, {"model": "admin.logentry", "pk": 22, "fields": {"action_time": "2023-09-19T19:40:02.903Z", "user": 1, "content_type": 11, "object_id": "1", "object_repr": "Мини", "action_flag": 1, "change_message": "[{\"added\": {}}, {\"added\": {\"name\": \"\\u0414\\u043b\\u0438\\u043d\\u0430 \\u043f\\u0440\\u043e\\u0434\\u0443\\u043a\\u0442\\u0430\", \"object\": \"\\u041c\\u0438\\u043d\\u0438: 52\\u043c\\u043c\"}}, {\"added\": {\"name\": \"\\u0414\\u043b\\u0438\\u043d\\u0430 \\u043f\\u0440\\u043e\\u0434\\u0443\\u043a\\u0442\\u0430\", \"object\": \"\\u041c\\u0438\\u043d\\u0438: 54\\u043c\\u043c\"}}, {\"added\": {\"name\": \"\\u0414\\u043b\\u0438\\u043d\\u0430 \\u043f\\u0440\\u043e\\u0434\\u0443\\u043a\\u0442\\u0430\", \"object\": \"\\u041c\\u0438\\u043d\\u0438: 56\\u043c\\u043c\"}}, {\"added\": {\"name\": \"\\u0414\\u043b\\u0438\\u043d\\u0430 \\u043f\\u0440\\u043e\\u0434\\u0443\\u043a\\u0442\\u0430\", \"object\": \"\\u041c\\u0438\\u043d\\u0438: 58\\u043c\\u043c\"}}, {\"added\": {\"name\": \"\\u0414\\u043b\\u0438\\u043d\\u0430 \\u043f\\u0440\\u043e\\u0434\\u0443\\u043a\\u0442\\u0430\", \"object\": \"\\u041c\\u0438\\u043d\\u0438: 60\\u043c\\u043c\"}}, {\"added\": {\"name\": \"\\u0428\\u0438\\u0440\\u0438\\u043d\\u0430 \\u043f\\u0440\\u043e\\u0434\\u0443\\u043a\\u0442\\u0430\", \"object\": \"\\u041c\\u0438\\u043d\\u0438: 2\\u043c\\u043c\"}}, {\"added\": {\"name\": \"\\u0428\\u0438\\u0440\\u0438\\u043d\\u0430 \\u043f\\u0440\\u043e\\u0434\\u0443\\u043a\\u0442\\u0430\", \"object\": \"\\u041c\\u0438\\u043d\\u0438: 4\\u043c\\u043c\"}}, {\"added\": {\"name\": \"\\u0428\\u0438\\u0440\\u0438\\u043d\\u0430 \\u043f\\u0440\\u043e\\u0434\\u0443\\u043a\\u0442\\u0430\", \"object\": \"\\u041c\\u0438\\u043d\\u0438: 6\\u043c\\u043c\"}}, {\"added\": {\"name\": \"\\u0428\\u0438\\u0440\\u0438\\u043d\\u0430 \\u043f\\u0440\\u043e\\u0434\\u0443\\u043a\\u0442\\u0430\", \"object\": \"\\u041c\\u0438\\u043d\\u0438: 8\\u043c\\u043c\"}}, {\"added\": {\"name\": \"\\u0428\\u0438\\u0440\\u0438\\u043d\\u0430 \\u043f\\u0440\\u043e\\u0434\\u0443\\u043a\\u0442\\u0430\", \"object\": \"\\u041c\\u0438\\u043d\\u0438: 10\\u043c\\u043c\"}}, {\"added\": {\"name\": \"\\u0424\\u043e\\u0442\\u043e \\u043f\\u0440\\u043e\\u0434\\u0443\\u043a\\u0442\\u0430\", \"object\": \"ProductImageItem object (1)\"}}, {\"added\": {\"name\": \"\\u0424\\u043e\\u0442\\u043e \\u043f\\u0440\\u043e\\u0434\\u0443\\u043a\\u0442\\u0430\", \"object\": \"ProductImageItem object (2)\"}}, {\"added\": {\"name\": \"\\u0424\\u043e\\u0442\\u043e \\u043f\\u0440\\u043e\\u0434\\u0443\\u043a\\u0442\\u0430\", \"object\": \"ProductImageItem object (3)\"}}, {\"added\": {\"name\": \"\\u0425\\u0430\\u0440\\u0430\\u043a\\u0442\\u0435\\u0440\\u0438\\u0441\\u0442\\u0438\\u043a\\u0430\", \"object\": \"\\u0413\\u0430\\u0440\\u0430\\u043d\\u0442\\u0438\\u0439\\u043d\\u044b\\u0435 \\u0420\\u0430\\u0437\\u043c\\u0435\\u0440\\u044b\"}}, {\"added\": {\"name\": \"\\u0425\\u0430\\u0440\\u0430\\u043a\\u0442\\u0435\\u0440\\u0438\\u0441\\u0442\\u0438\\u043a\\u0430\", \"object\": \"\\u041e\\u0441\\u043e\\u0431\\u0435\\u043d\\u043d\\u043e\\u0441\\u0442\\u0438 \\u041f\\u0440\\u0438\\u043c\\u0435\\u043d\\u0435\\u043d\\u0438\\u044f\"}}, {\"added\": {\"name\": \"\\u0425\\u0430\\u0440\\u0430\\u043a\\u0442\\u0435\\u0440\\u0438\\u0441\\u0442\\u0438\\u043a\\u0430\", \"object\": \"\\u0423\\u043f\\u0440\\u0430\\u0432\\u043b\\u0435\\u043d\\u0438\\u0435\"}}, {\"added\": {\"name\": \"\\u0425\\u0430\\u0440\\u0430\\u043a\\u0442\\u0435\\u0440\\u0438\\u0441\\u0442\\u0438\\u043a\\u0430\", \"object\": \"\\u0421\\u0432\\u0435\\u0442\\u043e\\u043f\\u0440\\u043e\\u043d\\u0438\\u0446\\u0430\\u0435\\u043c\\u043e\\u0441\\u0442\\u044c\"}}, {\"added\": {\"name\": \"\\u0425\\u0430\\u0440\\u0430\\u043a\\u0442\\u0435\\u0440\\u0438\\u0441\\u0442\\u0438\\u043a\\u0430\", \"object\": \"\\u0427\\u0438\\u0441\\u0442\\u043a\\u0430\"}}, {\"added\": {\"name\": \"\\u0426\\u0432\\u0435\\u0442\", \"object\": \"\\u041c\\u0438\\u043d\\u0438: \\u041a\\u0440\\u0430\\u0441\\u043d\\u044b\\u0439\"}}]"}}, {"model": "admin.logentry", "pk": 23, "fields": {"action_time": "2023-09-19T19:41:31.186Z", "user": 1, "content_type": 11, "object_id": "1", "object_repr": "Мини", "action_flag": 2, "change_message": "[{\"changed\": {\"fields\": [\"\\u0426\\u0435\\u043d\\u0430 \\u0432 y.e\"]}}]"}}, {"model": "admin.logentry", "pk": 24, "fields": {"action_time": "2023-09-19T19:57:47.277Z", "user": 1, "content_type": 19, "object_id": "2", "object_repr": "Синий", "action_flag": 1, "change_message": "[{\"added\": {}}]"}}, {"model": "admin.logentry", "pk": 25, "fields": {"action_time": "2023-09-19T19:58:06.654Z", "user": 1, "content_type": 11, "object_id": "1", "object_repr": "Мини", "action_flag": 2, "change_message": "[{\"changed\": {\"fields\": [\"\\u0426\\u0432\\u0435\\u0442 \\u043f\\u0440\\u043e\\u0434\\u0443\\u043a\\u0442\\u0430\"]}}]"}}, {"model": "admin.logentry", "pk": 26, "fields": {"action_time": "2023-09-19T20:01:03.563Z", "user": 1, "content_type": 11, "object_id": "1", "object_repr": "Мини", "action_flag": 2, "change_message": "[{\"changed\": {\"fields\": [\"\\u0417\\u0430\\u0441\\u0442\\u0430\\u0432\\u043a\\u0430\"]}}]"}}, {"model": "admin.logentry", "pk": 27, "fields": {"action_time": "2023-09-19T20:45:19.068Z", "user": 1, "content_type": 12, "object_id": "1", "object_repr": "Название 1", "action_flag": 1, "change_message": "[{\"added\": {}}]"}}, {"model": "admin.logentry", "pk": 28, "fields": {"action_time": "2023-09-19T20:45:35.064Z", "user": 1, "content_type": 12, "object_id": "2", "object_repr": "Название 2", "action_flag": 1, "change_message": "[{\"added\": {}}]"}}, {"model": "admin.logentry", "pk": 29, "fields": {"action_time": "2023-09-19T20:45:47.539Z", "user": 1, "content_type": 12, "object_id": "3", "object_repr": "Название 3", "action_flag": 1, "change_message": "[{\"added\": {}}]"}}, {"model": "admin.logentry", "pk": 30, "fields": {"action_time": "2023-09-19T20:46:02.118Z", "user": 1, "content_type": 12, "object_id": "4", "object_repr": "Название 4", "action_flag": 1, "change_message": "[{\"added\": {}}]"}}, {"model": "admin.logentry", "pk": 31, "fields": {"action_time": "2023-09-19T20:51:05.072Z", "user": 1, "content_type": 9, "object_id": "1", "object_repr": "Игорь Иванов", "action_flag": 1, "change_message": "[{\"added\": {}}]"}}, {"model": "admin.logentry", "pk": 32, "fields": {"action_time": "2023-09-19T20:51:41.077Z", "user": 1, "content_type": 9, "object_id": "2", "object_repr": "Игорь Рахимов", "action_flag": 1, "change_message": "[{\"added\": {}}]"}}, {"model": "admin.logentry", "pk": 33, "fields": {"action_time": "2023-09-19T20:52:06.612Z", "user": 1, "content_type": 9, "object_id": "3", "object_repr": "Игорь Петров", "action_flag": 1, "change_message": "[{\"added\": {}}]"}}, {"model": "admin.logentry", "pk": 34, "fields": {"action_time": "2023-09-19T20:52:32.487Z", "user": 1, "content_type": 9, "object_id": "4", "object_repr": "Максим Иванов", "action_flag": 1, "change_message": "[{\"added\": {}}]"}}, {"model": "admin.logentry", "pk": 35, "fields": {"action_time": "2023-09-19T20:52:57.518Z", "user": 1, "content_type": 9, "object_id": "5", "object_repr": "Игорь Власов", "action_flag": 1, "change_message": "[{\"added\": {}}]"}}, {"model": "admin.logentry", "pk": 36, "fields": {"action_time": "2023-09-19T20:53:22.353Z", "user": 1, "content_type": 9, "object_id": "6", "object_repr": "Игорь Скворцов", "action_flag": 1, "change_message": "[{\"added\": {}}]"}}, {"model": "admin.logentry", "pk": 37, "fields": {"action_time": "2023-09-19T21:30:43.989Z", "user": 1, "content_type": 8, "object_id": "1", "object_repr": "Клиент 1", "action_flag": 1, "change_message": "[{\"added\": {}}]"}}, {"model": "admin.logentry", "pk": 38, "fields": {"action_time": "2023-09-19T21:30:52.022Z", "user": 1, "content_type": 8, "object_id": "2", "object_repr": "Клиент 2", "action_flag": 1, "change_message": "[{\"added\": {}}]"}}, {"model": "admin.logentry", "pk": 39, "fields": {"action_time": "2023-09-19T21:31:09.247Z", "user": 1, "content_type": 8, "object_id": "3", "object_repr": "Клиент 3", "action_flag": 1, "change_message": "[{\"added\": {}}]"}}, {"model": "admin.logentry", "pk": 40, "fields": {"action_time": "2023-09-19T21:31:16.517Z", "user": 1, "content_type": 8, "object_id": "4", "object_repr": "Клиент 4", "action_flag": 1, "change_message": "[{\"added\": {}}]"}}, {"model": "admin.logentry", "pk": 41, "fields": {"action_time": "2023-09-19T21:31:32.069Z", "user": 1, "content_type": 8, "object_id": "5", "object_repr": "Клиент 6", "action_flag": 1, "change_message": "[{\"added\": {}}]"}}, {"model": "admin.logentry", "pk": 42, "fields": {"action_time": "2023-09-19T21:31:39.016Z", "user": 1, "content_type": 8, "object_id": "5", "object_repr": "Клиент 5", "action_flag": 2, "change_message": "[{\"changed\": {\"fields\": [\"\\u041d\\u0430\\u0437\\u0432\\u0430\\u043d\\u0438\\u0435 \\u043a\\u043b\\u0438\\u0435\\u043d\\u0442\\u0430\"]}}]"}}, {"model": "admin.logentry", "pk": 43, "fields": {"action_time": "2023-09-19T21:31:49.235Z", "user": 1, "content_type": 8, "object_id": "6", "object_repr": "Клиент 6", "action_flag": 1, "change_message": "[{\"added\": {}}]"}}, {"model": "admin.logentry", "pk": 44, "fields": {"action_time": "2023-09-19T21:31:57.667Z", "user": 1, "content_type": 8, "object_id": "7", "object_repr": "Клиент 7", "action_flag": 1, "change_message": "[{\"added\": {}}]"}}, {"model": "admin.logentry", "pk": 45, "fields": {"action_time": "2023-09-19T21:32:06.526Z", "user": 1, "content_type": 8, "object_id": "8", "object_repr": "Клиент 8", "action_flag": 1, "change_message": "[{\"added\": {}}]"}}, {"model": "admin.logentry", "pk": 46, "fields": {"action_time": "2023-09-19T21:32:13.582Z", "user": 1, "content_type": 8, "object_id": "9", "object_repr": "Клиент 9", "action_flag": 1, "change_message": "[{\"added\": {}}]"}}, {"model": "admin.logentry", "pk": 47, "fields": {"action_time": "2023-09-19T22:58:11.185Z", "user": 1, "content_type": 7, "object_id": "2", "object_repr": "Руллонные", "action_flag": 2, "change_message": "[{\"changed\": {\"fields\": [\"\\u041f\\u043e\\u043a\\u0430\\u0437\\u0430\\u0442\\u044c \\u043d\\u0430 \\u0433\\u043b\\u0430\\u0432\\u043d\\u043e\\u0439\"]}}]"}}, {"model": "admin.logentry", "pk": 48, "fields": {"action_time": "2023-09-19T23:09:31.775Z", "user": 1, "content_type": 7, "object_id": "2", "object_repr": "Руллонные", "action_flag": 2, "change_message": "[{\"changed\": {\"fields\": [\"\\u0421\\u0434\\u0435\\u043b\\u0430\\u0442\\u044c \\u0431\\u0435\\u0441\\u0442\\u0441\\u0435\\u043b\\u043b\\u0435\\u0440\\u043e\\u043c\"]}}]"}}, {"model": "admin.logentry", "pk": 49, "fields": {"action_time": "2023-09-22T03:15:44.606Z", "user": 1, "content_type": 11, "object_id": "1", "object_repr": "Мини", "action_flag": 2, "change_message": "[{\"changed\": {\"fields\": [\"\\u041f\\u043e\\u0434\\u043a\\u0430\\u0442\\u0435\\u0433\\u043e\\u0440\\u0438\\u044f\"]}}]"}}, {"model": "admin.logentry", "pk": 50, "fields": {"action_time": "2023-09-22T03:19:01.755Z", "user": 1, "content_type": 11, "object_id": "2", "object_repr": "Плиссе Мини", "action_flag": 1, "change_message": "[{\"added\": {}}, {\"added\": {\"name\": \"\\u0414\\u043b\\u0438\\u043d\\u0430 \\u043f\\u0440\\u043e\\u0434\\u0443\\u043a\\u0442\\u0430\", \"object\": \"\\u041f\\u043b\\u0438\\u0441\\u0441\\u0435 \\u041c\\u0438\\u043d\\u0438: 10\\u043c\\u043c\"}}, {\"added\": {\"name\": \"\\u0414\\u043b\\u0438\\u043d\\u0430 \\u043f\\u0440\\u043e\\u0434\\u0443\\u043a\\u0442\\u0430\", \"object\": \"\\u041f\\u043b\\u0438\\u0441\\u0441\\u0435 \\u041c\\u0438\\u043d\\u0438: 15\\u043c\\u043c\"}}, {\"added\": {\"name\": \"\\u0414\\u043b\\u0438\\u043d\\u0430 \\u043f\\u0440\\u043e\\u0434\\u0443\\u043a\\u0442\\u0430\", \"object\": \"\\u041f\\u043b\\u0438\\u0441\\u0441\\u0435 \\u041c\\u0438\\u043d\\u0438: 20\\u043c\\u043c\"}}, {\"added\": {\"name\": \"\\u0414\\u043b\\u0438\\u043d\\u0430 \\u043f\\u0440\\u043e\\u0434\\u0443\\u043a\\u0442\\u0430\", \"object\": \"\\u041f\\u043b\\u0438\\u0441\\u0441\\u0435 \\u041c\\u0438\\u043d\\u0438: 25\\u043c\\u043c\"}}, {\"added\": {\"name\": \"\\u0428\\u0438\\u0440\\u0438\\u043d\\u0430 \\u043f\\u0440\\u043e\\u0434\\u0443\\u043a\\u0442\\u0430\", \"object\": \"\\u041f\\u043b\\u0438\\u0441\\u0441\\u0435 \\u041c\\u0438\\u043d\\u0438: 25\\u043c\\u043c\"}}, {\"added\": {\"name\": \"\\u0428\\u0438\\u0440\\u0438\\u043d\\u0430 \\u043f\\u0440\\u043e\\u0434\\u0443\\u043a\\u0442\\u0430\", \"object\": \"\\u041f\\u043b\\u0438\\u0441\\u0441\\u0435 \\u041c\\u0438\\u043d\\u0438: 30\\u043c\\u043c\"}}, {\"added\": {\"name\": \"\\u0428\\u0438\\u0440\\u0438\\u043d\\u0430 \\u043f\\u0440\\u043e\\u0434\\u0443\\u043a\\u0442\\u0430\", \"object\": \"\\u041f\\u043b\\u0438\\u0441\\u0441\\u0435 \\u041c\\u0438\\u043d\\u0438: 35\\u043c\\u043c\"}}, {\"added\": {\"name\": \"\\u0428\\u0438\\u0440\\u0438\\u043d\\u0430 \\u043f\\u0440\\u043e\\u0434\\u0443\\u043a\\u0442\\u0430\", \"object\": \"\\u041f\\u043b\\u0438\\u0441\\u0441\\u0435 \\u041c\\u0438\\u043d\\u0438: 40\\u043c\\u043c\"}}, {\"added\": {\"name\": \"\\u0424\\u043e\\u0442\\u043e \\u043f\\u0440\\u043e\\u0434\\u0443\\u043a\\u0442\\u0430\", \"object\": \"ProductImageItem object (4)\"}}, {\"added\": {\"name\": \"\\u0424\\u043e\\u0442\\u043e \\u043f\\u0440\\u043e\\u0434\\u0443\\u043a\\u0442\\u0430\", \"object\": \"ProductImageItem object (5)\"}}, {\"added\": {\"name\": \"\\u0424\\u043e\\u0442\\u043e \\u043f\\u0440\\u043e\\u0434\\u0443\\u043a\\u0442\\u0430\", \"object\": \"ProductImageItem object (6)\"}}, {\"added\": {\"name\": \"\\u0425\\u0430\\u0440\\u0430\\u043a\\u0442\\u0435\\u0440\\u0438\\u0441\\u0442\\u0438\\u043a\\u0430\", \"object\": \"\\u0444\\u044b\\u0432\\u0430\"}}, {\"added\": {\"name\": \"\\u0425\\u0430\\u0440\\u0430\\u043a\\u0442\\u0435\\u0440\\u0438\\u0441\\u0442\\u0438\\u043a\\u0430\", \"object\": \"\\u0444\\u044b\\u0432\\u0430\\u044b\\u0432\\u0430\"}}, {\"added\": {\"name\": \"\\u0425\\u0430\\u0440\\u0430\\u043a\\u0442\\u0435\\u0440\\u0438\\u0441\\u0442\\u0438\\u043a\\u0430\", \"object\": \"\\u0444\\u044b\\u0432\\u0430\\u044b\\u0432\\u0430\\u044b\\u0430\\u0432\"}}, {\"added\": {\"name\": \"\\u0425\\u0430\\u0440\\u0430\\u043a\\u0442\\u0435\\u0440\\u0438\\u0441\\u0442\\u0438\\u043a\\u0430\", \"object\": \"\\u0444\\u044b\\u0432\\u0430\\u0446\\u0443\\u043a\"}}]"}}, {"model": "admin.logentry", "pk": 51, "fields": {"action_time": "2023-09-22T03:19:21.599Z", "user": 1, "content_type": 11, "object_id": "2", "object_repr": "Плиссе Мини", "action_flag": 2, "change_message": "[{\"changed\": {\"fields\": [\"\\u041f\\u043e\\u0434\\u043a\\u0430\\u0442\\u0435\\u0433\\u043e\\u0440\\u0438\\u044f\"]}}]"}}, {"model": "admin.logentry", "pk": 52, "fields": {"action_time": "2023-09-22T04:16:55.561Z", "user": 1, "content_type": 24, "object_id": "1", "object_repr": "http://localhost:8000", "action_flag": 2, "change_message": "[{\"changed\": {\"fields\": [\"Domain name\"]}}]"}}, {"model": "admin.logentry", "pk": 53, "fields": {"action_time": "2023-09-22T04:18:53.278Z", "user": 1, "content_type": 28, "object_id": "1", "object_repr": "combouz-auth", "action_flag": 1, "change_message": "[{\"added\": {}}]"}}, {"model": "admin.logentry", "pk": 54, "fields": {"action_time": "2023-09-22T04:33:04.984Z", "user": 1, "content_type": 24, "object_id": "1", "object_repr": "http://127.0.0.1:8000", "action_flag": 2, "change_message": "[{\"changed\": {\"fields\": [\"Domain name\"]}}]"}}, {"model": "admin.logentry", "pk": 55, "fields": {"action_time": "2023-09-22T04:35:09.662Z", "user": 1, "content_type": 28, "object_id": "1", "object_repr": "combouz-auth", "action_flag": 2, "change_message": "[]"}}, {"model": "admin.logentry", "pk": 56, "fields": {"action_time": "2023-09-22T04:38:53.958Z", "user": 1, "content_type": 24, "object_id": "1", "object_repr": "https://127.0.0.1:8000", "action_flag": 2, "change_message": "[{\"changed\": {\"fields\": [\"Domain name\"]}}]"}}, {"model": "admin.logentry", "pk": 57, "fields": {"action_time": "2023-09-22T04:40:05.625Z", "user": 1, "content_type": 24, "object_id": "1", "object_repr": "http://127.0.0.1:8000", "action_flag": 2, "change_message": "[{\"changed\": {\"fields\": [\"Domain name\"]}}]"}}, {"model": "admin.logentry", "pk": 58, "fields": {"action_time": "2023-09-22T05:04:49.869Z", "user": 1, "content_type": 23, "object_id": "1", "object_repr": "admin@gmail.com: Плиссе Мини", "action_flag": 3, "change_message": ""}}, {"model": "admin.logentry", "pk": 59, "fields": {"action_time": "2023-09-22T05:36:50.778Z", "user": 1, "content_type": 13, "object_id": "1", "object_repr": "Вопрос 1", "action_flag": 1, "change_message": "[{\"added\": {}}]"}}, {"model": "admin.logentry", "pk": 60, "fields": {"action_time": "2023-09-22T05:36:56.545Z", "user": 1, "content_type": 13, "object_id": "2", "object_repr": "Вопрос 2", "action_flag": 1, "change_message": "[{\"added\": {}}]"}}, {"model": "admin.logentry", "pk": 61, "fields": {"action_time": "2023-09-22T05:37:02.573Z", "user": 1, "content_type": 13, "object_id": "3", "object_repr": "Вопрос 3", "action_flag": 1, "change_message": "[{\"added\": {}}]"}}, {"model": "auth.permission", "pk": 1, "fields": {"name": "Can add log entry", "content_type": 1, "codename": "add_logentry"}}, {"model": "auth.permission", "pk": 2, "fields": {"name": "Can change log entry", "content_type": 1, "codename": "change_logentry"}}, {"model": "auth.permission", "pk": 3, "fields": {"name": "Can delete log entry", "content_type": 1, "codename": "delete_logentry"}}, {"model": "auth.permission", "pk": 4, "fields": {"name": "Can view log entry", "content_type": 1, "codename": "view_logentry"}}, {"model": "auth.permission", "pk": 5, "fields": {"name": "Can add permission", "content_type": 2, "codename": "add_permission"}}, {"model": "auth.permission", "pk": 6, "fields": {"name": "Can change permission", "content_type": 2, "codename": "change_permission"}}, {"model": "auth.permission", "pk": 7, "fields": {"name": "Can delete permission", "content_type": 2, "codename": "delete_permission"}}, {"model": "auth.permission", "pk": 8, "fields": {"name": "Can view permission", "content_type": 2, "codename": "view_permission"}}, {"model": "auth.permission", "pk": 9, "fields": {"name": "Can add group", "content_type": 3, "codename": "add_group"}}, {"model": "auth.permission", "pk": 10, "fields": {"name": "Can change group", "content_type": 3, "codename": "change_group"}}, {"model": "auth.permission", "pk": 11, "fields": {"name": "Can delete group", "content_type": 3, "codename": "delete_group"}}, {"model": "auth.permission", "pk": 12, "fields": {"name": "Can view group", "content_type": 3, "codename": "view_group"}}, {"model": "auth.permission", "pk": 13, "fields": {"name": "Can add content type", "content_type": 4, "codename": "add_contenttype"}}, {"model": "auth.permission", "pk": 14, "fields": {"name": "Can change content type", "content_type": 4, "codename": "change_contenttype"}}, {"model": "auth.permission", "pk": 15, "fields": {"name": "Can delete content type", "content_type": 4, "codename": "delete_contenttype"}}, {"model": "auth.permission", "pk": 16, "fields": {"name": "Can view content type", "content_type": 4, "codename": "view_contenttype"}}, {"model": "auth.permission", "pk": 17, "fields": {"name": "Can add session", "content_type": 5, "codename": "add_session"}}, {"model": "auth.permission", "pk": 18, "fields": {"name": "Can change session", "content_type": 5, "codename": "change_session"}}, {"model": "auth.permission", "pk": 19, "fields": {"name": "Can delete session", "content_type": 5, "codename": "delete_session"}}, {"model": "auth.permission", "pk": 20, "fields": {"name": "Can view session", "content_type": 5, "codename": "view_session"}}, {"model": "auth.permission", "pk": 21, "fields": {"name": "Can add user", "content_type": 6, "codename": "add_customuser"}}, {"model": "auth.permission", "pk": 22, "fields": {"name": "Can change user", "content_type": 6, "codename": "change_customuser"}}, {"model": "auth.permission", "pk": 23, "fields": {"name": "Can delete user", "content_type": 6, "codename": "delete_customuser"}}, {"model": "auth.permission", "pk": 24, "fields": {"name": "Can view user", "content_type": 6, "codename": "view_customuser"}}, {"model": "auth.permission", "pk": 25, "fields": {"name": "Can add Категория", "content_type": 7, "codename": "add_category"}}, {"model": "auth.permission", "pk": 26, "fields": {"name": "Can change Категория", "content_type": 7, "codename": "change_category"}}, {"model": "auth.permission", "pk": 27, "fields": {"name": "Can delete Категория", "content_type": 7, "codename": "delete_category"}}, {"model": "auth.permission", "pk": 28, "fields": {"name": "Can view Категория", "content_type": 7, "codename": "view_category"}}, {"model": "auth.permission", "pk": 29, "fields": {"name": "Can add Клиент", "content_type": 8, "codename": "add_client"}}, {"model": "auth.permission", "pk": 30, "fields": {"name": "Can change Клиент", "content_type": 8, "codename": "change_client"}}, {"model": "auth.permission", "pk": 31, "fields": {"name": "Can delete Клиент", "content_type": 8, "codename": "delete_client"}}, {"model": "auth.permission", "pk": 32, "fields": {"name": "Can view Клиент", "content_type": 8, "codename": "view_client"}}, {"model": "auth.permission", "pk": 33, "fields": {"name": "Can add Отзыв", "content_type": 9, "codename": "add_feedback"}}, {"model": "auth.permission", "pk": 34, "fields": {"name": "Can change Отзыв", "content_type": 9, "codename": "change_feedback"}}, {"model": "auth.permission", "pk": 35, "fields": {"name": "Can delete Отзыв", "content_type": 9, "codename": "delete_feedback"}}, {"model": "auth.permission", "pk": 36, "fields": {"name": "Can view Отзыв", "content_type": 9, "codename": "view_feedback"}}, {"model": "auth.permission", "pk": 37, "fields": {"name": "Can add Слайд", "content_type": 10, "codename": "add_herogallery"}}, {"model": "auth.permission", "pk": 38, "fields": {"name": "Can change Слайд", "content_type": 10, "codename": "change_herogallery"}}, {"model": "auth.permission", "pk": 39, "fields": {"name": "Can delete Слайд", "content_type": 10, "codename": "delete_herogallery"}}, {"model": "auth.permission", "pk": 40, "fields": {"name": "Can view Слайд", "content_type": 10, "codename": "view_herogallery"}}, {"model": "auth.permission", "pk": 41, "fields": {"name": "Can add product", "content_type": 11, "codename": "add_product"}}, {"model": "auth.permission", "pk": 42, "fields": {"name": "Can change product", "content_type": 11, "codename": "change_product"}}, {"model": "auth.permission", "pk": 43, "fields": {"name": "Can delete product", "content_type": 11, "codename": "delete_product"}}, {"model": "auth.permission", "pk": 44, "fields": {"name": "Can view product", "content_type": 11, "codename": "view_product"}}, {"model": "auth.permission", "pk": 45, "fields": {"name": "Can add Проект", "content_type": 12, "codename": "add_projectsgallery"}}, {"model": "auth.permission", "pk": 46, "fields": {"name": "Can change Проект", "content_type": 12, "codename": "change_projectsgallery"}}, {"model": "auth.permission", "pk": 47, "fields": {"name": "Can delete Проект", "content_type": 12, "codename": "delete_projectsgallery"}}, {"model": "auth.permission", "pk": 48, "fields": {"name": "Can view Проект", "content_type": 12, "codename": "view_projectsgallery"}}, {"model": "auth.permission", "pk": 49, "fields": {"name": "Can add Вопрос", "content_type": 13, "codename": "add_question"}}, {"model": "auth.permission", "pk": 50, "fields": {"name": "Can change Вопрос", "content_type": 13, "codename": "change_question"}}, {"model": "auth.permission", "pk": 51, "fields": {"name": "Can delete Вопрос", "content_type": 13, "codename": "delete_question"}}, {"model": "auth.permission", "pk": 52, "fields": {"name": "Can view Вопрос", "content_type": 13, "codename": "view_question"}}, {"model": "auth.permission", "pk": 53, "fields": {"name": "Can add Подкатегория", "content_type": 14, "codename": "add_subcategory"}}, {"model": "auth.permission", "pk": 54, "fields": {"name": "Can change Подкатегория", "content_type": 14, "codename": "change_subcategory"}}, {"model": "auth.permission", "pk": 55, "fields": {"name": "Can delete Подкатегория", "content_type": 14, "codename": "delete_subcategory"}}, {"model": "auth.permission", "pk": 56, "fields": {"name": "Can view Подкатегория", "content_type": 14, "codename": "view_subcategory"}}, {"model": "auth.permission", "pk": 57, "fields": {"name": "Can add Ширина продукта", "content_type": 15, "codename": "add_productwidthitem"}}, {"model": "auth.permission", "pk": 58, "fields": {"name": "Can change Ширина продукта", "content_type": 15, "codename": "change_productwidthitem"}}, {"model": "auth.permission", "pk": 59, "fields": {"name": "Can delete Ширина продукта", "content_type": 15, "codename": "delete_productwidthitem"}}, {"model": "auth.permission", "pk": 60, "fields": {"name": "Can view Ширина продукта", "content_type": 15, "codename": "view_productwidthitem"}}, {"model": "auth.permission", "pk": 61, "fields": {"name": "Can add product option item", "content_type": 16, "codename": "add_productoptionitem"}}, {"model": "auth.permission", "pk": 62, "fields": {"name": "Can change product option item", "content_type": 16, "codename": "change_productoptionitem"}}, {"model": "auth.permission", "pk": 63, "fields": {"name": "Can delete product option item", "content_type": 16, "codename": "delete_productoptionitem"}}, {"model": "auth.permission", "pk": 64, "fields": {"name": "Can view product option item", "content_type": 16, "codename": "view_productoptionitem"}}, {"model": "auth.permission", "pk": 65, "fields": {"name": "Can add Длина продукта", "content_type": 17, "codename": "add_productlengthitem"}}, {"model": "auth.permission", "pk": 66, "fields": {"name": "Can change Длина продукта", "content_type": 17, "codename": "change_productlengthitem"}}, {"model": "auth.permission", "pk": 67, "fields": {"name": "Can delete Длина продукта", "content_type": 17, "codename": "delete_productlengthitem"}}, {"model": "auth.permission", "pk": 68, "fields": {"name": "Can view Длина продукта", "content_type": 17, "codename": "view_productlengthitem"}}, {"model": "auth.permission", "pk": 69, "fields": {"name": "Can add Фото продукта", "content_type": 18, "codename": "add_productimageitem"}}, {"model": "auth.permission", "pk": 70, "fields": {"name": "Can change Фото продукта", "content_type": 18, "codename": "change_productimageitem"}}, {"model": "auth.permission", "pk": 71, "fields": {"name": "Can delete Фото продукта", "content_type": 18, "codename": "delete_productimageitem"}}, {"model": "auth.permission", "pk": 72, "fields": {"name": "Can view Фото продукта", "content_type": 18, "codename": "view_productimageitem"}}, {"model": "auth.permission", "pk": 73, "fields": {"name": "Can add Цвет", "content_type": 19, "codename": "add_productcoloritem"}}, {"model": "auth.permission", "pk": 74, "fields": {"name": "Can change Цвет", "content_type": 19, "codename": "change_productcoloritem"}}, {"model": "auth.permission", "pk": 75, "fields": {"name": "Can delete Цвет", "content_type": 19, "codename": "delete_productcoloritem"}}, {"model": "auth.permission", "pk": 76, "fields": {"name": "Can view Цвет", "content_type": 19, "codename": "view_productcoloritem"}}, {"model": "auth.permission", "pk": 77, "fields": {"name": "Can add customer", "content_type": 20, "codename": "add_customer"}}, {"model": "auth.permission", "pk": 78, "fields": {"name": "Can change customer", "content_type": 20, "codename": "change_customer"}}, {"model": "auth.permission", "pk": 79, "fields": {"name": "Can delete customer", "content_type": 20, "codename": "delete_customer"}}, {"model": "auth.permission", "pk": 80, "fields": {"name": "Can view customer", "content_type": 20, "codename": "view_customer"}}, {"model": "auth.permission", "pk": 81, "fields": {"name": "Can add order", "content_type": 21, "codename": "add_order"}}, {"model": "auth.permission", "pk": 82, "fields": {"name": "Can change order", "content_type": 21, "codename": "change_order"}}, {"model": "auth.permission", "pk": 83, "fields": {"name": "Can delete order", "content_type": 21, "codename": "delete_order"}}, {"model": "auth.permission", "pk": 84, "fields": {"name": "Can view order", "content_type": 21, "codename": "view_order"}}, {"model": "auth.permission", "pk": 85, "fields": {"name": "Can add order product", "content_type": 22, "codename": "add_orderproduct"}}, {"model": "auth.permission", "pk": 86, "fields": {"name": "Can change order product", "content_type": 22, "codename": "change_orderproduct"}}, {"model": "auth.permission", "pk": 87, "fields": {"name": "Can delete order product", "content_type": 22, "codename": "delete_orderproduct"}}, {"model": "auth.permission", "pk": 88, "fields": {"name": "Can view order product", "content_type": 22, "codename": "view_orderproduct"}}, {"model": "auth.permission", "pk": 89, "fields": {"name": "Can add comment", "content_type": 23, "codename": "add_comment"}}, {"model": "auth.permission", "pk": 90, "fields": {"name": "Can change comment", "content_type": 23, "codename": "change_comment"}}, {"model": "auth.permission", "pk": 91, "fields": {"name": "Can delete comment", "content_type": 23, "codename": "delete_comment"}}, {"model": "auth.permission", "pk": 92, "fields": {"name": "Can view comment", "content_type": 23, "codename": "view_comment"}}, {"model": "auth.permission", "pk": 93, "fields": {"name": "Can add site", "content_type": 24, "codename": "add_site"}}, {"model": "auth.permission", "pk": 94, "fields": {"name": "Can change site", "content_type": 24, "codename": "change_site"}}, {"model": "auth.permission", "pk": 95, "fields": {"name": "Can delete site", "content_type": 24, "codename": "delete_site"}}, {"model": "auth.permission", "pk": 96, "fields": {"name": "Can view site", "content_type": 24, "codename": "view_site"}}, {"model": "auth.permission", "pk": 97, "fields": {"name": "Can add email address", "content_type": 25, "codename": "add_emailaddress"}}, {"model": "auth.permission", "pk": 98, "fields": {"name": "Can change email address", "content_type": 25, "codename": "change_emailaddress"}}, {"model": "auth.permission", "pk": 99, "fields": {"name": "Can delete email address", "content_type": 25, "codename": "delete_emailaddress"}}, {"model": "auth.permission", "pk": 100, "fields": {"name": "Can view email address", "content_type": 25, "codename": "view_emailaddress"}}, {"model": "auth.permission", "pk": 101, "fields": {"name": "Can add email confirmation", "content_type": 26, "codename": "add_emailconfirmation"}}, {"model": "auth.permission", "pk": 102, "fields": {"name": "Can change email confirmation", "content_type": 26, "codename": "change_emailconfirmation"}}, {"model": "auth.permission", "pk": 103, "fields": {"name": "Can delete email confirmation", "content_type": 26, "codename": "delete_emailconfirmation"}}, {"model": "auth.permission", "pk": 104, "fields": {"name": "Can view email confirmation", "content_type": 26, "codename": "view_emailconfirmation"}}, {"model": "auth.permission", "pk": 105, "fields": {"name": "Can add social account", "content_type": 27, "codename": "add_socialaccount"}}, {"model": "auth.permission", "pk": 106, "fields": {"name": "Can change social account", "content_type": 27, "codename": "change_socialaccount"}}, {"model": "auth.permission", "pk": 107, "fields": {"name": "Can delete social account", "content_type": 27, "codename": "delete_socialaccount"}}, {"model": "auth.permission", "pk": 108, "fields": {"name": "Can view social account", "content_type": 27, "codename": "view_socialaccount"}}, {"model": "auth.permission", "pk": 109, "fields": {"name": "Can add social application", "content_type": 28, "codename": "add_socialapp"}}, {"model": "auth.permission", "pk": 110, "fields": {"name": "Can change social application", "content_type": 28, "codename": "change_socialapp"}}, {"model": "auth.permission", "pk": 111, "fields": {"name": "Can delete social application", "content_type": 28, "codename": "delete_socialapp"}}, {"model": "auth.permission", "pk": 112, "fields": {"name": "Can view social application", "content_type": 28, "codename": "view_socialapp"}}, {"model": "auth.permission", "pk": 113, "fields": {"name": "Can add social application token", "content_type": 29, "codename": "add_socialtoken"}}, {"model": "auth.permission", "pk": 114, "fields": {"name": "Can change social application token", "content_type": 29, "codename": "change_socialtoken"}}, {"model": "auth.permission", "pk": 115, "fields": {"name": "Can delete social application token", "content_type": 29, "codename": "delete_socialtoken"}}, {"model": "auth.permission", "pk": 116, "fields": {"name": "Can view social application token", "content_type": 29, "codename": "view_socialtoken"}}, {"model": "auth.permission", "pk": 117, "fields": {"name": "Can add comment item", "content_type": 30, "codename": "add_commentitem"}}, {"model": "auth.permission", "pk": 118, "fields": {"name": "Can change comment item", "content_type": 30, "codename": "change_commentitem"}}, {"model": "auth.permission", "pk": 119, "fields": {"name": "Can delete comment item", "content_type": 30, "codename": "delete_commentitem"}}, {"model": "auth.permission", "pk": 120, "fields": {"name": "Can view comment item", "content_type": 30, "codename": "view_commentitem"}}, {"model": "contenttypes.contenttype", "pk": 1, "fields": {"app_label": "admin", "model": "logentry"}}, {"model": "contenttypes.contenttype", "pk": 2, "fields": {"app_label": "auth", "model": "permission"}}, {"model": "contenttypes.contenttype", "pk": 3, "fields": {"app_label": "auth", "model": "group"}}, {"model": "contenttypes.contenttype", "pk": 4, "fields": {"app_label": "contenttypes", "model": "contenttype"}}, {"model": "contenttypes.contenttype", "pk": 5, "fields": {"app_label": "sessions", "model": "session"}}, {"model": "contenttypes.contenttype", "pk": 6, "fields": {"app_label": "accounts", "model": "customuser"}}, {"model": "contenttypes.contenttype", "pk": 7, "fields": {"app_label": "web_site", "model": "category"}}, {"model": "contenttypes.contenttype", "pk": 8, "fields": {"app_label": "web_site", "model": "client"}}, {"model": "contenttypes.contenttype", "pk": 9, "fields": {"app_label": "web_site", "model": "feedback"}}, {"model": "contenttypes.contenttype", "pk": 10, "fields": {"app_label": "web_site", "model": "herogallery"}}, {"model": "contenttypes.contenttype", "pk": 11, "fields": {"app_label": "web_site", "model": "product"}}, {"model": "contenttypes.contenttype", "pk": 12, "fields": {"app_label": "web_site", "model": "projectsgallery"}}, {"model": "contenttypes.contenttype", "pk": 13, "fields": {"app_label": "web_site", "model": "question"}}, {"model": "contenttypes.contenttype", "pk": 14, "fields": {"app_label": "web_site", "model": "subcategory"}}, {"model": "contenttypes.contenttype", "pk": 15, "fields": {"app_label": "web_site", "model": "productwidthitem"}}, {"model": "contenttypes.contenttype", "pk": 16, "fields": {"app_label": "web_site", "model": "productoptionitem"}}, {"model": "contenttypes.contenttype", "pk": 17, "fields": {"app_label": "web_site", "model": "productlengthitem"}}, {"model": "contenttypes.contenttype", "pk": 18, "fields": {"app_label": "web_site", "model": "productimageitem"}}, {"model": "contenttypes.contenttype", "pk": 19, "fields": {"app_label": "web_site", "model": "productcoloritem"}}, {"model": "contenttypes.contenttype", "pk": 20, "fields": {"app_label": "cart", "model": "customer"}}, {"model": "contenttypes.contenttype", "pk": 21, "fields": {"app_label": "cart", "model": "order"}}, {"model": "contenttypes.contenttype", "pk": 22, "fields": {"app_label": "cart", "model": "orderproduct"}}, {"model": "contenttypes.contenttype", "pk": 23, "fields": {"app_label": "web_site", "model": "comment"}}, {"model": "contenttypes.contenttype", "pk": 24, "fields": {"app_label": "sites", "model": "site"}}, {"model": "contenttypes.contenttype", "pk": 25, "fields": {"app_label": "account", "model": "emailaddress"}}, {"model": "contenttypes.contenttype", "pk": 26, "fields": {"app_label": "account", "model": "emailconfirmation"}}, {"model": "contenttypes.contenttype", "pk": 27, "fields": {"app_label": "socialaccount", "model": "socialaccount"}}, {"model": "contenttypes.contenttype", "pk": 28, "fields": {"app_label": "socialaccount", "model": "socialapp"}}, {"model": "contenttypes.contenttype", "pk": 29, "fields": {"app_label": "socialaccount", "model": "socialtoken"}}, {"model": "contenttypes.contenttype", "pk": 30, "fields": {"app_label": "web_site", "model": "commentitem"}}, {"model": "sessions.session", "pk": "2rexe3qpiqt4i864efecr0bny5jlb6vw", "fields": {"session_data": ".eJxVjEsOwjAMBe-SNYqaj2OFJXvOENmxSwqolfpZIe4OlbqA7ZuZ9zKFtrWVbdG5DGLOxpnT78ZUHzruQO403iZbp3GdB7a7Yg-62Osk-rwc7t9Bo6V9a_LEGEBQegGMPsbkValWYehSz0CQKmoAQO4cUvYZJTsf-q46Dcm8P_jnN_w:1qjXqA:FnG2t0wPUHk6Od53yvc9otdwEdK3YFdGrjUJ0mYFK74", "expire_date": "2023-10-06T04:32:30.547Z"}}, {"model": "sessions.session", "pk": "flx4dpyehy906khmcmipo0lxuuh8nf2s", "fields": {"session_data": ".eJxVz01rhDAQBuD_MmexmpgE99iTFHovlCKTybja2kSSSAuy_72x7GVv8_HMC3MAYcxwOW4VpEALrkgUdp_HlDEzXN4P8PxbBDxBBVsMxCmVbg3XxZdJorAVBqXEPc_jhhG_TwAlcZDavQzDz_6WN_ioYPwne-I4Lq6YFh5mFumL_blwn-ivoabgc1xsfZL6vk31a3C8Pt_tQ8CMaS7XKNAaqZxxk1OmE12nBXN5zFnV6MkqVJoMS6WMbVqDveiN61shp4Zalhpuf21mW1I:1qjY9S:AWNFh4SC57zGxf3TDQ9T5-Nkhux3sXisdxngvIcX57M", "expire_date": "2023-10-06T04:52:26.708Z"}}, {"model": "accounts.customuser", "pk": 1, "fields": {"password": "pbkdf2_sha256$600000$phq5wQqiKIbEPRrrnCMJrJ$hjG9BIBBs6fH1JEajIXzpq4EtmnLy+/QRN5xFDr5j00=", "last_login": "2023-09-22T04:52:26.702Z", "is_superuser": true, "first_name": "", "last_name": "", "is_staff": true, "is_active": true, "date_joined": "2023-09-19T15:20:36.427Z", "email": "admin@gmail.com", "phone_number": null, "groups": [], "user_permissions": []}}, {"model": "accounts.customuser", "pk": 2, "fields": {"password": "pbkdf2_sha256$600000$5JPxDPBYKQhSOypNdclpJE$Jg7ST9LXlKTeAZ4ixuq2wJJNs2ecceY8Q/FDPPmGB9g=", "last_login": "2023-09-19T22:34:53.256Z", "is_superuser": false, "first_name": "", "last_name": "", "is_staff": false, "is_active": true, "date_joined": "2023-09-19T22:34:35.064Z", "email": "test@gmail.com", "phone_number": "998973445350", "groups": [], "user_permissions": []}}, {"model": "web_site.category", "pk": 1, "fields": {"name": "На пластиковые окна", "slug": "na-plastikovye-okna", "show_on_homepage": false, "make_bestseller": false}}, {"model": "web_site.category", "pk": 2, "fields": {"name": "Руллонные", "slug": "rullonnye", "show_on_homepage": true, "make_bestseller": true}}, {"model": "web_site.category", "pk": 3, "fields": {"name": "Вертикальные", "slug": "vertikalnye", "show_on_homepage": false, "make_bestseller": false}}, {"model": "web_site.category", "pk": 4, "fields": {"name": "День-Ночь", "slug": "den-noch", "show_on_homepage": false, "make_bestseller": false}}, {"model": "web_site.category", "pk": 5, "fields": {"name": "Плиссе", "slug": "plisse", "show_on_homepage": false, "make_bestseller": false}}, {"model": "web_site.category", "pk": 6, "fields": {"name": "Шторы", "slug": "shtory", "show_on_homepage": false, "make_bestseller": false}}, {"model": "web_site.subcategory", "pk": 1, "fields": {"name": "Тюлевые жалюзи", "slug": "tyulevye-zhalyuzi", "category": 3}}, {"model": "web_site.subcategory", "pk": 2, "fields": {"name": "Тканевые", "slug": "tkanevye", "category": 3}}, {"model": "web_site.subcategory", "pk": 3, "fields": {"name": "Бамбуковые", "slug": "bambukovye", "category": 3}}, {"model": "web_site.subcategory", "pk": 4, "fields": {"name": "Пластиковые", "slug": "plastikovye", "category": 3}}, {"model": "web_site.subcategory", "pk": 5, "fields": {"name": "Рулонные день и ночь", "slug": "rulonnye-den-i-noch", "category": 2}}, {"model": "web_site.subcategory", "pk": 6, "fields": {"name": "Рулонные ролло", "slug": "rulonnye-rollo", "category": 2}}, {"model": "web_site.subcategory", "pk": 7, "fields": {"name": "Рулонные с фотопечатью", "slug": "rulonnye-s-fotopechatyu", "category": 2}}, {"model": "web_site.subcategory", "pk": 8, "fields": {"name": "Рулонные с фотонанесением", "slug": "rulonnye-s-fotonaneseniem", "category": 2}}, {"model": "web_site.subcategory", "pk": 9, "fields": {"name": "Касетные Ролло", "slug": "kasetnye-rollo", "category": 1}}, {"model": "web_site.subcategory", "pk": 10, "fields": {"name": "Касетные день и ночь", "slug": "kasetnye-den-i-noch", "category": 1}}, {"model": "web_site.subcategory", "pk": 11, "fields": {"name": "Плиссе", "slug": "plisse", "category": 1}}, {"model": "web_site.subcategory", "pk": 12, "fields": {"name": "Мини", "slug": "mini", "category": 1}}, {"model": "web_site.productcoloritem", "pk": 1, "fields": {"color": "Красный"}}, {"model": "web_site.productcoloritem", "pk": 2, "fields": {"color": "Синий"}}, {"model": "web_site.product", "pk": 1, "fields": {"name": "Мини", "usd_price": 20, "uzs_price": 242876, "body": "Рулонные шторы системы Мини - это лаконичная и изящная конструкция, подходящая для окон до 150х170 см. Такая штора смотрится минималистично за счет небольшого крепления и узкого вала диаметром 19 см. В этой конструкции нет короба и направляющих. Она легкая и может монтироваться без сверления на створки пластиковых окон, включая откидные, и фиксируется в нижней части при помощи магнитов", "placeholder": "products/placeholders/gallery-projects01.png", "manufacturer_country": "Китай", "fabric_type": "Полиэстр", "property": "Гладкий", "dimming": 50, "control": "left", "cornice_type": "aluminum", "control_type": "manual", "quantity": 16, "color": 1, "discount": 0, "category": 2, "subcategory": 6, "created_at": "2023-09-22T03:15:44.602Z", "slug": "mini"}}, {"model": "web_site.product", "pk": 2, "fields": {"name": "Плиссе Мини", "usd_price": 20, "uzs_price": 242876, "body": "Описание продукта", "placeholder": "products/placeholders/gallery-projects01_RS5cTq0.png", "manufacturer_country": "Китай", "fabric_type": "Полиэстр", "property": "Гладкий", "dimming": 25, "control": "right", "cornice_type": "plastic", "control_type": "electrically_driven", "quantity": 25, "color": 1, "discount": 16, "category": 1, "subcategory": 11, "created_at": "2023-09-22T03:19:21.595Z", "slug": "plisse-mini"}}, {"model": "web_site.productwidthitem", "pk": 1, "fields": {"width": "2мм", "product": 1}}, {"model": "web_site.productwidthitem", "pk": 2, "fields": {"width": "4мм", "product": 1}}, {"model": "web_site.productwidthitem", "pk": 3, "fields": {"width": "6мм", "product": 1}}, {"model": "web_site.productwidthitem", "pk": 4, "fields": {"width": "8мм", "product": 1}}, {"model": "web_site.productwidthitem", "pk": 5, "fields": {"width": "10мм", "product": 1}}, {"model": "web_site.productwidthitem", "pk": 6, "fields": {"width": "25мм", "product": 2}}, {"model": "web_site.productwidthitem", "pk": 7, "fields": {"width": "30мм", "product": 2}}, {"model": "web_site.productwidthitem", "pk": 8, "fields": {"width": "35мм", "product": 2}}, {"model": "web_site.productwidthitem", "pk": 9, "fields": {"width": "40мм", "product": 2}}, {"model": "web_site.productlengthitem", "pk": 1, "fields": {"length": "52мм", "product": 1}}, {"model": "web_site.productlengthitem", "pk": 2, "fields": {"length": "54мм", "product": 1}}, {"model": "web_site.productlengthitem", "pk": 3, "fields": {"length": "56мм", "product": 1}}, {"model": "web_site.productlengthitem", "pk": 4, "fields": {"length": "58мм", "product": 1}}, {"model": "web_site.productlengthitem", "pk": 5, "fields": {"length": "60мм", "product": 1}}, {"model": "web_site.productlengthitem", "pk": 6, "fields": {"length": "10мм", "product": 2}}, {"model": "web_site.productlengthitem", "pk": 7, "fields": {"length": "15мм", "product": 2}}, {"model": "web_site.productlengthitem", "pk": 8, "fields": {"length": "20мм", "product": 2}}, {"model": "web_site.productlengthitem", "pk": 9, "fields": {"length": "25мм", "product": 2}}, {"model": "web_site.productimageitem", "pk": 1, "fields": {"product": 1, "image": "products/cassette-curtains01.png"}}, {"model": "web_site.productimageitem", "pk": 2, "fields": {"product": 1, "image": "products/cassette-curtains02_mEJZPUv.png"}}, {"model": "web_site.productimageitem", "pk": 3, "fields": {"product": 1, "image": "products/gallery-projects01_2KtQuUM.png"}}, {"model": "web_site.productimageitem", "pk": 4, "fields": {"product": 2, "image": "products/gallery-projects01_0YMuLhy.png"}}, {"model": "web_site.productimageitem", "pk": 5, "fields": {"product": 2, "image": "products/roll-curtains.png"}}, {"model": "web_site.productimageitem", "pk": 6, "fields": {"product": 2, "image": "products/cassette-curtains01_LluWf5s.png"}}, {"model": "web_site.productoptionitem", "pk": 1, "fields": {"product": 1, "title": "Гарантийные Размеры", "descr": "Ширина От 350 Мм До 1500 Мм - Высота От 300 Мм До 2200 Мм"}}, {"model": "web_site.productoptionitem", "pk": 2, "fields": {"product": 1, "title": "Особенности Применения", "descr": "Рулонные Шторы Системы МИНИ Используются Для Монтажа Небольших Изделий На Створку Окна, Применяются Трубы Диаметром 19мм., А Также Максимально Компактные Кронштейны И Механизмы."}}, {"model": "web_site.productoptionitem", "pk": 3, "fields": {"product": 1, "title": "Управление", "descr": "На Потолок / На Откос На Стену На Створку Окна, Монтаж На Саморезы, Возможно Применение Накидного Кронштейна Без Сверления*(Опция)"}}, {"model": "web_site.productoptionitem", "pk": 4, "fields": {"product": 1, "title": "Светопроницаемость", "descr": "Большинство Тканей Относятся К Категории Полупрозрачных. Светопроницаемость - 50% Ткани Black Out Имеют Слой Полимера С Изнанки. Светопроницаемость - 0% (Не Пропускают Свет)"}}, {"model": "web_site.productoptionitem", "pk": 5, "fields": {"product": 1, "title": "Чистка", "descr": "Только Сухая Чистка, Уборка Пылесосом Или Влажной Тряпкой. Для Тканей СКРИН Допустимо Применение Мягкого Моющего Средства.Уход За Рулонными Шторами"}}, {"model": "web_site.productoptionitem", "pk": 6, "fields": {"product": 2, "title": "фыва", "descr": "фыва"}}, {"model": "web_site.productoptionitem", "pk": 7, "fields": {"product": 2, "title": "фываыва", "descr": "фыва"}}, {"model": "web_site.productoptionitem", "pk": 8, "fields": {"product": 2, "title": "фываываыав", "descr": "фыва"}}, {"model": "web_site.productoptionitem", "pk": 9, "fields": {"product": 2, "title": "фывацук", "descr": "ыва"}}, {"model": "web_site.herogallery", "pk": 1, "fields": {"title": "Лучшие шторы на рынке Узбекистана", "body": "Lorem ipsum dolor sit amet consectetur. Facilisis aliquet volutpat egestas non ipsum phasellus ac. Senectus malesuada lacinia dictum elementum eu vel lacus quam nulla", "img": "slides/best-curtains.png"}}, {"model": "web_site.herogallery", "pk": 2, "fields": {"title": "Лучшие шторы на рынке Узбекистана 2", "body": "Lorem ipsum dolor sit amet consectetur. Facilisis aliquet volutpat egestas non ipsum phasellus ac. Senectus malesuada lacinia dictum elementum eu vel lacus quam nulla\r\nLorem ipsum dolor sit amet consectetur. Facilisis aliquet volutpat egestas non ipsum phasellus ac. Senectus malesuada lacinia dictum elementum eu vel lacus quam nulla", "img": "slides/cassette-curtains02.png"}}, {"model": "web_site.projectsgallery", "pk": 1, "fields": {"title": "Название 1", "subtitle": "Подзаголовок 1", "image": "projects_gallery/gallery-projects01.png"}}, {"model": "web_site.projectsgallery", "pk": 2, "fields": {"title": "Название 2", "subtitle": "Подзаголовок 2", "image": "projects_gallery/gallery-projects02.png"}}, {"model": "web_site.projectsgallery", "pk": 3, "fields": {"title": "Название 3", "subtitle": "Подзаголовок 3", "image": "projects_gallery/cassette-curtains01.png"}}, {"model": "web_site.projectsgallery", "pk": 4, "fields": {"title": "Название 4", "subtitle": "Подзаголовок 4", "image": "projects_gallery/roll-curtains.png"}}, {"model": "web_site.question", "pk": 1, "fields": {"name": "Вопрос 1", "video_link": "https://youtu.be/DbsAQSIKQXk?si=rUtki3jZA3_LpADE"}}, {"model": "web_site.question", "pk": 2, "fields": {"name": "Вопрос 2", "video_link": "https://youtu.be/DbsAQSIKQXk?si=rUtki3jZA3_LpADE"}}, {"model": "web_site.question", "pk": 3, "fields": {"name": "Вопрос 3", "video_link": "https://youtu.be/DbsAQSIKQXk?si=rUtki3jZA3_LpADE"}}, {"model": "web_site.feedback", "pk": 1, "fields": {"body": "Lorem ipsum dolor sit amet consectetur adipiscing elit Proin venenatis pellentesque vitae porta consectetur nunc.", "author": "Игорь Иванов", "author_avatar": "feedbacks/avatars/review.png", "company_name": "Samsung Company"}}, {"model": "web_site.feedback", "pk": 2, "fields": {"body": "Lorem ipsum dolor sit amet consectetur adipiscing elit Proin venenatis pellentesque vitae porta consectetur nunc.\r\nLorem ipsum dolor sit amet consectetur adipiscing elit Proin venenatis pellentesque vitae porta consectetur nunc.", "author": "Игорь Рахимов", "author_avatar": "feedbacks/avatars/review_vX64w3A.png", "company_name": "Apple Company"}}, {"model": "web_site.feedback", "pk": 3, "fields": {"body": "Lorem ipsum dolor sit amet consectetur adipiscing elit Proin venenatis pellentesque vitae porta consectetur nunc.", "author": "Игорь Петров", "author_avatar": "feedbacks/avatars/review_XXR5r0T.png", "company_name": "Xiaomi Company"}}, {"model": "web_site.feedback", "pk": 4, "fields": {"body": "Lorem ipsum dolor sit amet consectetur adipiscing elit Proin venenatis pellentesque vitae porta consectetur nunc. Lorem ipsum dolor sit amet consectetur adipiscing elit Proin venenatis pellentesque vitae porta consectetur nunc.", "author": "Максим Иванов", "author_avatar": "feedbacks/avatars/review_1ckfaDH.png", "company_name": "Huawei Company"}}, {"model": "web_site.feedback", "pk": 5, "fields": {"body": "Lorem ipsum dolor sit amet consectetur adipiscing elit Proin venenatis pellentesque vitae porta consectetur nunc.\r\nLorem ipsum dolor sit amet consectetur adipiscing elit Proin venenatis pellentesque vitae porta consectetur nunc.", "author": "Игорь Власов", "author_avatar": "feedbacks/avatars/review_eMJESQL.png", "company_name": "Nokia Company"}}, {"model": "web_site.feedback", "pk": 6, "fields": {"body": "Lorem ipsum dolor sit amet consectetur adipiscing elit Proin venenatis pellentesque vitae porta consectetur nunc.", "author": "Игорь Скворцов", "author_avatar": "feedbacks/avatars/review_W8vLEdV.png", "company_name": "Stylemix Company"}}, {"model": "web_site.client", "pk": 1, "fields": {"name": "Клиент 1", "image": "clients/client.png"}}, {"model": "web_site.client", "pk": 2, "fields": {"name": "Клиент 2", "image": "clients/client_WvIM5Ib.png"}}, {"model": "web_site.client", "pk": 3, "fields": {"name": "Клиент 3", "image": "clients/client_INgEsAa.png"}}, {"model": "web_site.client", "pk": 4, "fields": {"name": "Клиент 4", "image": "clients/client_407d8IC.png"}}, {"model": "web_site.client", "pk": 5, "fields": {"name": "Клиент 5", "image": "clients/client_iB2BwrY.png"}}, {"model": "web_site.client", "pk": 6, "fields": {"name": "Клиент 6", "image": "clients/client_izNTWOo.png"}}, {"model": "web_site.client", "pk": 7, "fields": {"name": "Клиент 7", "image": "clients/client_Omn8bco.png"}}, {"model": "web_site.client", "pk": 8, "fields": {"name": "Клиент 8", "image": "clients/client_TB7kxQB.png"}}, {"model": "web_site.client", "pk": 9, "fields": {"name": "Клиент 9", "image": "clients/client_G0c8PqW.png"}}, {"model": "web_site.comment", "pk": 2, "fields": {"author": 1, "product": 2, "body": "dsfgfgsdsdfg"}}, {"model": "web_site.commentitem", "pk": 1, "fields": {"comment": 2, "img": "comments/gallery-projects01.png"}}, {"model": "web_site.commentitem", "pk": 2, "fields": {"comment": 2, "img": "comments/gallery-projects02.png"}}, {"model": "web_site.commentitem", "pk": 3, "fields": {"comment": 2, "img": "comments/gallery-projects03.png"}}, {"model": "cart.customer", "pk": 1, "fields": {"user": 1, "first_name": "", "last_name": "", "email": "", "phone_number": "", "mounting_type": "", "address": "", "comment": "", "delivery_type": "", "delivery_option": ""}}, {"model": "cart.order", "pk": 1, "fields": {"user": 1, "created_at": "2023-09-19T22:54:46.333Z", "is_completed": false}}, {"model": "cart.orderproduct", "pk": 3, "fields": {"product": 1, "order": 1, "quantity": 2, "added_at": "2023-09-22T03:07:28.971Z"}}, {"model": "sites.site", "pk": 1, "fields": {"domain": "http://127.0.0.1:8000", "name": "example.com"}}, {"model": "socialaccount.socialapp", "pk": 1, "fields": {"provider": "google", "name": "combouz-auth", "client_id": "867998205618-l7v2hrmbdjfrmddpr102teugtphte99f.apps.googleusercontent.com", "secret": "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", "key": "", "sites": [1]}}]